{
  "catboost": {
    "rmse": 4.846251855628122,
    "mse": 23.486157048179013,
    "r2": 0.45435982056379787,
    "iterations": 583,
    "depth": 6,
    "learning_rate": 0.023615101425840092,
    "bootstrap_type": "Bernoulli",
    "l2_leaf_reg": 1.4034380615813817,
    "rsm": 0.6201595092966703,
    "subsample": 0.8386037140293522
  },
  "regime_cv": {
    "low": {
      "rmse": 0.016758166543344333,
      "r2": 0.19118480651757486
    },
    "mid": {
      "rmse": 0.018064355227386763,
      "r2": 0.20152489363984105
    },
    "high": {
      "rmse": 0.0219929743328429,
      "r2": 0.1975764827301083
    }
  },
  "leave_regime_out": {
    "low": {
      "rmse": 0.019969638994109806,
      "r2": -0.1485151393522839
    },
    "mid": {
      "rmse": 0.018634886420978946,
      "r2": 0.15029152222638364
    },
    "high": {
      "rmse": 0.025972217806316117,
      "r2": -0.11906106604143885
    }
  }
}